version,case,theta_opt,beta_opt,theta_over_pi,beta_over_pi,r,P_valid,is_selected_r
V4,01_1d_tiny_single_gap,0.28049934407051724,0.16829960644231035,0.08928571428571429,0.05357142857142857,1,0.24686648652146811,0
V4,01_1d_tiny_single_gap,0.28049934407051724,0.16829960644231035,0.08928571428571429,0.05357142857142857,2,0.33347758368280855,0
V4,01_1d_tiny_single_gap,0.28049934407051724,0.16829960644231035,0.08928571428571429,0.05357142857142857,3,0.4448062234906905,0
V4,01_1d_tiny_single_gap,0.28049934407051724,0.16829960644231035,0.08928571428571429,0.05357142857142857,4,0.5587133696548336,0
V4,01_1d_tiny_single_gap,0.28049934407051724,0.16829960644231035,0.08928571428571429,0.05357142857142857,5,0.649702494586721,0
V4,01_1d_tiny_single_gap,0.28049934407051724,0.16829960644231035,0.08928571428571429,0.05357142857142857,6,0.6955906655378897,0
V4,01_1d_tiny_single_gap,0.28049934407051724,0.16829960644231035,0.08928571428571429,0.05357142857142857,7,0.6851790937247767,0
V4,01_1d_tiny_single_gap,0.28049934407051724,0.16829960644231035,0.08928571428571429,0.05357142857142857,8,0.6234292744950012,0
V4,01_1d_tiny_single_gap,0.28049934407051724,0.16829960644231035,0.08928571428571429,0.05357142857142857,9,0.5309894486346716,0
V4,01_1d_tiny_single_gap,0.28049934407051724,0.16829960644231035,0.08928571428571429,0.05357142857142857,10,0.4373167801860398,0
V4,01_1d_tiny_single_gap,0.28049934407051724,0.16829960644231035,0.08928571428571429,0.05357142857142857,11,0.36987988088394874,0
V4,01_1d_tiny_single_gap,0.28049934407051724,0.16829960644231035,0.08928571428571429,0.05357142857142857,12,0.344121538212349,0
V4,01_1d_tiny_single_gap,0.28049934407051724,0.16829960644231035,0.08928571428571429,0.05357142857142857,13,0.3586513635638729,0
V4,01_1d_tiny_single_gap,0.28049934407051724,0.16829960644231035,0.08928571428571429,0.05357142857142857,14,0.3975644136395559,0
V4,01_1d_tiny_single_gap,0.28049934407051724,0.16829960644231035,0.08928571428571429,0.05357142857142857,15,0.4382912169807827,0
V4,01_1d_tiny_single_gap,0.28049934407051724,0.16829960644231035,0.08928571428571429,0.05357142857142857,16,0.4609398431195185,0
V4,01_1d_tiny_single_gap,0.28049934407051724,0.16829960644231035,0.08928571428571429,0.05357142857142857,17,0.4549640564580102,0
V4,01_1d_tiny_single_gap,0.28049934407051724,0.16829960644231035,0.08928571428571429,0.05357142857142857,18,0.4210174700421354,0
V4,01_1d_tiny_single_gap,0.28049934407051724,0.16829960644231035,0.08928571428571429,0.05357142857142857,19,0.36861026409552866,0
V4,01_1d_tiny_single_gap,0.28049934407051724,0.16829960644231035,0.08928571428571429,0.05357142857142857,20,0.3119647245247128,0
V4,01_1d_tiny_single_gap,0.28049934407051724,0.16829960644231035,0.08928571428571429,0.05357142857142857,21,0.26637825436327006,0
V4,01_1d_tiny_single_gap,0.28049934407051724,0.16829960644231035,0.08928571428571429,0.05357142857142857,22,0.24588447692405022,0
V4,01_1d_tiny_single_gap,0.28049934407051724,0.16829960644231035,0.08928571428571429,0.05357142857142857,23,0.26141805984479094,0
V4,01_1d_tiny_single_gap,0.28049934407051724,0.16829960644231035,0.08928571428571429,0.05357142857142857,24,0.31831486364155975,0
V4,01_1d_tiny_single_gap,0.28049934407051724,0.16829960644231035,0.08928571428571429,0.05357142857142857,25,0.4130901984468725,0
V4,01_1d_tiny_single_gap,0.28049934407051724,0.16829960644231035,0.08928571428571429,0.05357142857142857,26,0.5311131795509476,0
V4,01_1d_tiny_single_gap,0.28049934407051724,0.16829960644231035,0.08928571428571429,0.05357142857142857,27,0.6475832428444144,0
V4,01_1d_tiny_single_gap,0.28049934407051724,0.16829960644231035,0.08928571428571429,0.05357142857142857,28,0.7331983071799526,0
V4,01_1d_tiny_single_gap,0.28049934407051724,0.16829960644231035,0.08928571428571429,0.05357142857142857,29,0.7634230555583972,1
V4,01_1d_tiny_single_gap,0.28049934407051724,0.16829960644231035,0.08928571428571429,0.05357142857142857,30,0.7277871576091615,0
V4,01_1d_tiny_single_gap,0.28049934407051724,0.16829960644231035,0.08928571428571429,0.05357142857142857,31,0.6348344978355871,0
V4,01_1d_tiny_single_gap,0.28049934407051724,0.16829960644231035,0.08928571428571429,0.05357142857142857,32,0.5099568752944833,0
V4,01_1d_tiny_single_gap,0.28049934407051724,0.16829960644231035,0.08928571428571429,0.05357142857142857,33,0.3866536792988584,0
V4,01_1d_tiny_single_gap,0.28049934407051724,0.16829960644231035,0.08928571428571429,0.05357142857142857,34,0.29494751893277943,0
V4,01_1d_tiny_single_gap,0.28049934407051724,0.16829960644231035,0.08928571428571429,0.05357142857142857,35,0.2519531224636694,0
V4,01_1d_tiny_single_gap,0.28049934407051724,0.16829960644231035,0.08928571428571429,0.05357142857142857,36,0.2582676545380414,0
V4,01_1d_tiny_single_gap,0.28049934407051724,0.16829960644231035,0.08928571428571429,0.05357142857142857,37,0.30077929001005244,0
V4,01_1d_tiny_single_gap,0.28049934407051724,0.16829960644231035,0.08928571428571429,0.05357142857142857,38,0.3594996969979104,0
V4,01_1d_tiny_single_gap,0.28049934407051724,0.16829960644231035,0.08928571428571429,0.05357142857142857,39,0.4147511898814395,0
V4,01_1d_tiny_single_gap,0.28049934407051724,0.16829960644231035,0.08928571428571429,0.05357142857142857,40,0.45193848085111493,0
V4,01_1d_tiny_single_gap,0.28049934407051724,0.16829960644231035,0.08928571428571429,0.05357142857142857,41,0.46329208528401805,0
V4,01_1d_tiny_single_gap,0.28049934407051724,0.16829960644231035,0.08928571428571429,0.05357142857142857,42,0.4477965728186883,0
V4,01_1d_tiny_single_gap,0.28049934407051724,0.16829960644231035,0.08928571428571429,0.05357142857142857,43,0.41085388676188156,0
V4,01_1d_tiny_single_gap,0.28049934407051724,0.16829960644231035,0.08928571428571429,0.05357142857142857,44,0.3641090726206617,0
V4,01_1d_tiny_single_gap,0.28049934407051724,0.16829960644231035,0.08928571428571429,0.05357142857142857,45,0.32440777010079486,0
V4,01_1d_tiny_single_gap,0.28049934407051724,0.16829960644231035,0.08928571428571429,0.05357142857142857,46,0.3104239676508797,0
V4,01_1d_tiny_single_gap,0.28049934407051724,0.16829960644231035,0.08928571428571429,0.05357142857142857,47,0.3366717281156327,0
V4,01_1d_tiny_single_gap,0.28049934407051724,0.16829960644231035,0.08928571428571429,0.05357142857142857,48,0.40672197082447564,0
V4,01_1d_tiny_single_gap,0.28049934407051724,0.16829960644231035,0.08928571428571429,0.05357142857142857,49,0.5089771883510147,0
V4,01_1d_tiny_single_gap,0.28049934407051724,0.16829960644231035,0.08928571428571429,0.05357142857142857,50,0.6180077210760464,0
V4,01_1d_tiny_single_gap,0.28049934407051724,0.16829960644231035,0.08928571428571429,0.05357142857142857,51,0.7020720713617916,0
V4,01_1d_tiny_single_gap,0.28049934407051724,0.16829960644231035,0.08928571428571429,0.05357142857142857,52,0.7342436340345628,0
V4,01_1d_tiny_single_gap,0.28049934407051724,0.16829960644231035,0.08928571428571429,0.05357142857142857,53,0.7024193837840635,0
V4,01_1d_tiny_single_gap,0.28049934407051724,0.16829960644231035,0.08928571428571429,0.05357142857142857,54,0.613747217253371,0
V4,01_1d_tiny_single_gap,0.28049934407051724,0.16829960644231035,0.08928571428571429,0.05357142857142857,55,0.4916318991489786,0
V4,01_1d_tiny_single_gap,0.28049934407051724,0.16829960644231035,0.08928571428571429,0.05357142857142857,56,0.3670133220884169,0
V4,01_1d_tiny_single_gap,0.28049934407051724,0.16829960644231035,0.08928571428571429,0.05357142857142857,57,0.2680842379335313,0
V4,01_1d_tiny_single_gap,0.28049934407051724,0.16829960644231035,0.08928571428571429,0.05357142857142857,58,0.2127463881850768,0
V4,01_1d_tiny_single_gap,0.28049934407051724,0.16829960644231035,0.08928571428571429,0.05357142857142857,59,0.206055242079392,0
V4,01_1d_tiny_single_gap,0.28049934407051724,0.16829960644231035,0.08928571428571429,0.05357142857142857,60,0.24210095756548267,0
V4,02_1d_main_reference,0.30854927847756897,0.3646491472916724,0.09821428571428571,0.11607142857142858,1,0.3364184742876167,0
V4,02_1d_main_reference,0.30854927847756897,0.3646491472916724,0.09821428571428571,0.11607142857142858,2,0.4410442851574644,0
V4,02_1d_main_reference,0.30854927847756897,0.3646491472916724,0.09821428571428571,0.11607142857142858,3,0.6053293423072846,0
V4,02_1d_main_reference,0.30854927847756897,0.3646491472916724,0.09821428571428571,0.11607142857142858,4,0.7651861804845309,0
V4,02_1d_main_reference,0.30854927847756897,0.3646491472916724,0.09821428571428571,0.11607142857142858,5,0.8145714006440694,0
V4,02_1d_main_reference,0.30854927847756897,0.3646491472916724,0.09821428571428571,0.11607142857142858,6,0.7112104977884095,0
V4,02_1d_main_reference,0.30854927847756897,0.3646491472916724,0.09821428571428571,0.11607142857142858,7,0.5210570776227728,0
V4,02_1d_main_reference,0.30854927847756897,0.3646491472916724,0.09821428571428571,0.11607142857142858,8,0.35070624117758464,0
V4,02_1d_main_reference,0.30854927847756897,0.3646491472916724,0.09821428571428571,0.11607142857142858,9,0.2738698404305202,0
V4,02_1d_main_reference,0.30854927847756897,0.3646491472916724,0.09821428571428571,0.11607142857142858,10,0.3253801940135783,0
V4,02_1d_main_reference,0.30854927847756897,0.3646491472916724,0.09821428571428571,0.11607142857142858,11,0.49646603750544355,0
V4,02_1d_main_reference,0.30854927847756897,0.3646491472916724,0.09821428571428571,0.11607142857142858,12,0.7011588897342678,0
V4,02_1d_main_reference,0.30854927847756897,0.3646491472916724,0.09821428571428571,0.11607142857142858,13,0.8138861843850685,0
V4,02_1d_main_reference,0.30854927847756897,0.3646491472916724,0.09821428571428571,0.11607142857142858,14,0.789212399554994,0
V4,02_1d_main_reference,0.30854927847756897,0.3646491472916724,0.09821428571428571,0.11607142857142858,15,0.6905568954568462,0
V4,02_1d_main_reference,0.30854927847756897,0.3646491472916724,0.09821428571428571,0.11607142857142858,16,0.5709113109947848,0
V4,02_1d_main_reference,0.30854927847756897,0.3646491472916724,0.09821428571428571,0.11607142857142858,17,0.4142029581033701,0
V4,02_1d_main_reference,0.30854927847756897,0.3646491472916724,0.09821428571428571,0.11607142857142858,18,0.24818888186667468,0
V4,02_1d_main_reference,0.30854927847756897,0.3646491472916724,0.09821428571428571,0.11607142857142858,19,0.20565972433753482,0
V4,02_1d_main_reference,0.30854927847756897,0.3646491472916724,0.09821428571428571,0.11607142857142858,20,0.36750238321718876,0
V4,02_1d_main_reference,0.30854927847756897,0.3646491472916724,0.09821428571428571,0.11607142857142858,21,0.6171410545009682,0
V4,02_1d_main_reference,0.30854927847756897,0.3646491472916724,0.09821428571428571,0.11607142857142858,22,0.7593319731744397,0
V4,02_1d_main_reference,0.30854927847756897,0.3646491472916724,0.09821428571428571,0.11607142857142858,23,0.734596969323872,0
V4,02_1d_main_reference,0.30854927847756897,0.3646491472916724,0.09821428571428571,0.11607142857142858,24,0.6230329380414683,0
V4,02_1d_main_reference,0.30854927847756897,0.3646491472916724,0.09821428571428571,0.11607142857142858,25,0.4935388695458295,0
V4,02_1d_main_reference,0.30854927847756897,0.3646491472916724,0.09821428571428571,0.11607142857142858,26,0.36310897933318975,0
V4,02_1d_main_reference,0.30854927847756897,0.3646491472916724,0.09821428571428571,0.11607142857142858,27,0.27431795832462214,0
V4,02_1d_main_reference,0.30854927847756897,0.3646491472916724,0.09821428571428571,0.11607142857142858,28,0.29784364753068016,0
V4,02_1d_main_reference,0.30854927847756897,0.3646491472916724,0.09821428571428571,0.11607142857142858,29,0.44666145649779654,0
V4,02_1d_main_reference,0.30854927847756897,0.3646491472916724,0.09821428571428571,0.11607142857142858,30,0.654577068819231,0
V4,02_1d_main_reference,0.30854927847756897,0.3646491472916724,0.09821428571428571,0.11607142857142858,31,0.8376317460492827,0
V4,02_1d_main_reference,0.30854927847756897,0.3646491472916724,0.09821428571428571,0.11607142857142858,32,0.9270110303615731,1
V4,02_1d_main_reference,0.30854927847756897,0.3646491472916724,0.09821428571428571,0.11607142857142858,33,0.8656883157414837,0
V4,02_1d_main_reference,0.30854927847756897,0.3646491472916724,0.09821428571428571,0.11607142857142858,34,0.6484631783149037,0
V4,02_1d_main_reference,0.30854927847756897,0.3646491472916724,0.09821428571428571,0.11607142857142858,35,0.3752687492378193,0
V4,02_1d_main_reference,0.30854927847756897,0.3646491472916724,0.09821428571428571,0.11607142857142858,36,0.20555179755749367,0
V4,02_1d_main_reference,0.30854927847756897,0.3646491472916724,0.09821428571428571,0.11607142857142858,37,0.22440028412830665,0
V4,02_1d_main_reference,0.30854927847756897,0.3646491472916724,0.09821428571428571,0.11607142857142858,38,0.3713954758682317,0
V4,02_1d_main_reference,0.30854927847756897,0.3646491472916724,0.09821428571428571,0.11607142857142858,39,0.5204200079710414,0
V4,02_1d_main_reference,0.30854927847756897,0.3646491472916724,0.09821428571428571,0.11607142857142858,40,0.6115190281405636,0
V4,02_1d_main_reference,0.30854927847756897,0.3646491472916724,0.09821428571428571,0.11607142857142858,41,0.6708031301248469,0
V4,02_1d_main_reference,0.30854927847756897,0.3646491472916724,0.09821428571428571,0.11607142857142858,42,0.7080256640099196,0
V4,02_1d_main_reference,0.30854927847756897,0.3646491472916724,0.09821428571428571,0.11607142857142858,43,0.6618500805386289,0
V4,02_1d_main_reference,0.30854927847756897,0.3646491472916724,0.09821428571428571,0.11607142857142858,44,0.49794251523575345,0
V4,02_1d_main_reference,0.30854927847756897,0.3646491472916724,0.09821428571428571,0.11607142857142858,45,0.3143419097457952,0
V4,02_1d_main_reference,0.30854927847756897,0.3646491472916724,0.09821428571428571,0.11607142857142858,46,0.26464471020884595,0
V4,02_1d_main_reference,0.30854927847756897,0.3646491472916724,0.09821428571428571,0.11607142857142858,47,0.3851170131845558,0
V4,02_1d_main_reference,0.30854927847756897,0.3646491472916724,0.09821428571428571,0.11607142857142858,48,0.5713410556240939,0
V4,02_1d_main_reference,0.30854927847756897,0.3646491472916724,0.09821428571428571,0.11607142857142858,49,0.7144068439608546,0
V4,02_1d_main_reference,0.30854927847756897,0.3646491472916724,0.09821428571428571,0.11607142857142858,50,0.7761879811008838,0
V4,02_1d_main_reference,0.30854927847756897,0.3646491472916724,0.09821428571428571,0.11607142857142858,51,0.7426354697688089,0
V4,02_1d_main_reference,0.30854927847756897,0.3646491472916724,0.09821428571428571,0.11607142857142858,52,0.6127137479193235,0
V4,02_1d_main_reference,0.30854927847756897,0.3646491472916724,0.09821428571428571,0.11607142857142858,53,0.45150587826970145,0
V4,02_1d_main_reference,0.30854927847756897,0.3646491472916724,0.09821428571428571,0.11607142857142858,54,0.35639169915803376,0
V4,02_1d_main_reference,0.30854927847756897,0.3646491472916724,0.09821428571428571,0.11607142857142858,55,0.3478133829377932,0
V4,02_1d_main_reference,0.30854927847756897,0.3646491472916724,0.09821428571428571,0.11607142857142858,56,0.37855971165773583,0
V4,02_1d_main_reference,0.30854927847756897,0.3646491472916724,0.09821428571428571,0.11607142857142858,57,0.4517578181201869,0
V4,02_1d_main_reference,0.30854927847756897,0.3646491472916724,0.09821428571428571,0.11607142857142858,58,0.6137986606142676,0
V4,02_1d_main_reference,0.30854927847756897,0.3646491472916724,0.09821428571428571,0.11607142857142858,59,0.8097169112911639,0
V4,02_1d_main_reference,0.30854927847756897,0.3646491472916724,0.09821428571428571,0.11607142857142858,60,0.8743314605300139,0
V4,03_1d_two_free_regions,0.08414980322115517,0.19634954084936207,0.026785714285714284,0.0625,1,0.38281026372058197,0
V4,03_1d_two_free_regions,0.08414980322115517,0.19634954084936207,0.026785714285714284,0.0625,2,0.40074418363569897,0
V4,03_1d_two_free_regions,0.08414980322115517,0.19634954084936207,0.026785714285714284,0.0625,3,0.4321296885733096,0
V4,03_1d_two_free_regions,0.08414980322115517,0.19634954084936207,0.026785714285714284,0.0625,4,0.4795958554095618,0
V4,03_1d_two_free_regions,0.08414980322115517,0.19634954084936207,0.026785714285714284,0.0625,5,0.5437123521695301,0
V4,03_1d_two_free_regions,0.08414980322115517,0.19634954084936207,0.026785714285714284,0.0625,6,0.6218582458191896,0
V4,03_1d_two_free_regions,0.08414980322115517,0.19634954084936207,0.026785714285714284,0.0625,7,0.7076955798018587,0
V4,03_1d_two_free_regions,0.08414980322115517,0.19634954084936207,0.026785714285714284,0.0625,8,0.7917134878997469,0
V4,03_1d_two_free_regions,0.08414980322115517,0.19634954084936207,0.026785714285714284,0.0625,9,0.8630836110551394,0
V4,03_1d_two_free_regions,0.08414980322115517,0.19634954084936207,0.026785714285714284,0.0625,10,0.9124871415890357,0
V4,03_1d_two_free_regions,0.08414980322115517,0.19634954084936207,0.026785714285714284,0.0625,11,0.9349109850802461,0
V4,03_1d_two_free_regions,0.08414980322115517,0.19634954084936207,0.026785714285714284,0.0625,12,0.9311176081855974,0
V4,03_1d_two_free_regions,0.08414980322115517,0.19634954084936207,0.026785714285714284,0.0625,13,0.9068965950601072,0
V4,03_1d_two_free_regions,0.08414980322115517,0.19634954084936207,0.026785714285714284,0.0625,14,0.870232961380914,0
V4,03_1d_two_free_regions,0.08414980322115517,0.19634954084936207,0.026785714285714284,0.0625,15,0.8276691853030351,0
V4,03_1d_two_free_regions,0.08414980322115517,0.19634954084936207,0.026785714285714284,0.0625,16,0.7817123513355408,0
V4,03_1d_two_free_regions,0.08414980322115517,0.19634954084936207,0.026785714285714284,0.0625,17,0.7307107270876411,0
V4,03_1d_two_free_regions,0.08414980322115517,0.19634954084936207,0.026785714285714284,0.0625,18,0.6713267497180055,0
V4,03_1d_two_free_regions,0.08414980322115517,0.19634954084936207,0.026785714285714284,0.0625,19,0.6022508217325815,0
V4,03_1d_two_free_regions,0.08414980322115517,0.19634954084936207,0.026785714285714284,0.0625,20,0.5270025287529757,0
V4,03_1d_two_free_regions,0.08414980322115517,0.19634954084936207,0.026785714285714284,0.0625,21,0.4540840032061343,0
V4,03_1d_two_free_regions,0.08414980322115517,0.19634954084936207,0.026785714285714284,0.0625,22,0.39421794818344635,0
V4,03_1d_two_free_regions,0.08414980322115517,0.19634954084936207,0.026785714285714284,0.0625,23,0.3561048209159938,0
V4,03_1d_two_free_regions,0.08414980322115517,0.19634954084936207,0.026785714285714284,0.0625,24,0.3430605128588491,0
V4,03_1d_two_free_regions,0.08414980322115517,0.19634954084936207,0.026785714285714284,0.0625,25,0.35245073456396314,0
V4,03_1d_two_free_regions,0.08414980322115517,0.19634954084936207,0.026785714285714284,0.0625,26,0.3782263718963873,0
V4,03_1d_two_free_regions,0.08414980322115517,0.19634954084936207,0.026785714285714284,0.0625,27,0.4150104054273558,0
V4,03_1d_two_free_regions,0.08414980322115517,0.19634954084936207,0.026785714285714284,0.0625,28,0.4612076805345121,0
V4,03_1d_two_free_regions,0.08414980322115517,0.19634954084936207,0.026785714285714284,0.0625,29,0.5191383671128599,0
V4,03_1d_two_free_regions,0.08414980322115517,0.19634954084936207,0.026785714285714284,0.0625,30,0.5919776970717294,0
V4,03_1d_two_free_regions,0.08414980322115517,0.19634954084936207,0.026785714285714284,0.0625,31,0.6792876299071936,0
V4,03_1d_two_free_regions,0.08414980322115517,0.19634954084936207,0.026785714285714284,0.0625,32,0.7739396990707692,0
V4,03_1d_two_free_regions,0.08414980322115517,0.19634954084936207,0.026785714285714284,0.0625,33,0.8625897591349806,0
V4,03_1d_two_free_regions,0.08414980322115517,0.19634954084936207,0.026785714285714284,0.0625,34,0.9298831741663227,0
V4,03_1d_two_free_regions,0.08414980322115517,0.19634954084936207,0.026785714285714284,0.0625,35,0.9643728856112839,1
V4,03_1d_two_free_regions,0.08414980322115517,0.19634954084936207,0.026785714285714284,0.0625,36,0.9630226068340465,0
V4,03_1d_two_free_regions,0.08414980322115517,0.19634954084936207,0.026785714285714284,0.0625,37,0.9318390179141482,0
V4,03_1d_two_free_regions,0.08414980322115517,0.19634954084936207,0.026785714285714284,0.0625,38,0.8822887530987402,0
V4,03_1d_two_free_regions,0.08414980322115517,0.19634954084936207,0.026785714285714284,0.0625,39,0.8255059408942194,0
V4,03_1d_two_free_regions,0.08414980322115517,0.19634954084936207,0.026785714285714284,0.0625,40,0.7675162000306555,0
V4,03_1d_two_free_regions,0.08414980322115517,0.19634954084936207,0.026785714285714284,0.0625,41,0.7080676728752462,0
V4,03_1d_two_free_regions,0.08414980322115517,0.19634954084936207,0.026785714285714284,0.0625,42,0.6435252429116962,0
V4,03_1d_two_free_regions,0.08414980322115517,0.19634954084936207,0.026785714285714284,0.0625,43,0.5718923544465527,0
V4,03_1d_two_free_regions,0.08414980322115517,0.19634954084936207,0.026785714285714284,0.0625,44,0.49677889496811795,0
V4,03_1d_two_free_regions,0.08414980322115517,0.19634954084936207,0.026785714285714284,0.0625,45,0.42777068577808286,0
V4,03_1d_two_free_regions,0.08414980322115517,0.19634954084936207,0.026785714285714284,0.0625,46,0.37680808656903175,0
V4,03_1d_two_free_regions,0.08414980322115517,0.19634954084936207,0.026785714285714284,0.0625,47,0.352585488039647,0
V4,03_1d_two_free_regions,0.08414980322115517,0.19634954084936207,0.026785714285714284,0.0625,48,0.3562229695005581,0
V4,03_1d_two_free_regions,0.08414980322115517,0.19634954084936207,0.026785714285714284,0.0625,49,0.38079748883513886,0
V4,03_1d_two_free_regions,0.08414980322115517,0.19634954084936207,0.026785714285714284,0.0625,50,0.41512815059238695,0
V4,03_1d_two_free_regions,0.08414980322115517,0.19634954084936207,0.026785714285714284,0.0625,51,0.44975718219235516,0
V4,03_1d_two_free_regions,0.08414980322115517,0.19634954084936207,0.026785714285714284,0.0625,52,0.48177689990800454,0
V4,03_1d_two_free_regions,0.08414980322115517,0.19634954084936207,0.026785714285714284,0.0625,53,0.515771081856784,0
V4,03_1d_two_free_regions,0.08414980322115517,0.19634954084936207,0.026785714285714284,0.0625,54,0.5603128169625998,0
V4,03_1d_two_free_regions,0.08414980322115517,0.19634954084936207,0.026785714285714284,0.0625,55,0.6219490858730004,0
V4,03_1d_two_free_regions,0.08414980322115517,0.19634954084936207,0.026785714285714284,0.0625,56,0.7000003268274391,0
V4,03_1d_two_free_regions,0.08414980322115517,0.19634954084936207,0.026785714285714284,0.0625,57,0.7850460046188497,0
V4,03_1d_two_free_regions,0.08414980322115517,0.19634954084936207,0.026785714285714284,0.0625,58,0.8619477079804363,0
V4,03_1d_two_free_regions,0.08414980322115517,0.19634954084936207,0.026785714285714284,0.0625,59,0.9158339904413554,0
V4,03_1d_two_free_regions,0.08414980322115517,0.19634954084936207,0.026785714285714284,0.0625,60,0.9379733577717261,0
V4,04_1d_clustered_medium,0.3365992128846207,0.3365992128846207,0.10714285714285714,0.10714285714285714,1,0.34488040380824186,0
V4,04_1d_clustered_medium,0.3365992128846207,0.3365992128846207,0.10714285714285714,0.10714285714285714,2,0.47361043527692887,0
V4,04_1d_clustered_medium,0.3365992128846207,0.3365992128846207,0.10714285714285714,0.10714285714285714,3,0.6470197530010433,0
V4,04_1d_clustered_medium,0.3365992128846207,0.3365992128846207,0.10714285714285714,0.10714285714285714,4,0.7845216832294818,0
V4,04_1d_clustered_medium,0.3365992128846207,0.3365992128846207,0.10714285714285714,0.10714285714285714,5,0.8022523862081691,0
V4,04_1d_clustered_medium,0.3365992128846207,0.3365992128846207,0.10714285714285714,0.10714285714285714,6,0.6967462730654118,0
V4,04_1d_clustered_medium,0.3365992128846207,0.3365992128846207,0.10714285714285714,0.10714285714285714,7,0.5534575716855558,0
V4,04_1d_clustered_medium,0.3365992128846207,0.3365992128846207,0.10714285714285714,0.10714285714285714,8,0.46211255456818867,0
V4,04_1d_clustered_medium,0.3365992128846207,0.3365992128846207,0.10714285714285714,0.10714285714285714,9,0.4446174585394096,0
V4,04_1d_clustered_medium,0.3365992128846207,0.3365992128846207,0.10714285714285714,0.10714285714285714,10,0.47338877128376194,0
V4,04_1d_clustered_medium,0.3365992128846207,0.3365992128846207,0.10714285714285714,0.10714285714285714,11,0.5299860095184208,0
V4,04_1d_clustered_medium,0.3365992128846207,0.3365992128846207,0.10714285714285714,0.10714285714285714,12,0.609866605376753,0
V4,04_1d_clustered_medium,0.3365992128846207,0.3365992128846207,0.10714285714285714,0.10714285714285714,13,0.6809342138387514,0
V4,04_1d_clustered_medium,0.3365992128846207,0.3365992128846207,0.10714285714285714,0.10714285714285714,14,0.6898739697279076,0
V4,04_1d_clustered_medium,0.3365992128846207,0.3365992128846207,0.10714285714285714,0.10714285714285714,15,0.6224014785054826,0
V4,04_1d_clustered_medium,0.3365992128846207,0.3365992128846207,0.10714285714285714,0.10714285714285714,16,0.5199893976228416,0
V4,04_1d_clustered_medium,0.3365992128846207,0.3365992128846207,0.10714285714285714,0.10714285714285714,17,0.43626365059545036,0
V4,04_1d_clustered_medium,0.3365992128846207,0.3365992128846207,0.10714285714285714,0.10714285714285714,18,0.4059785787710677,0
V4,04_1d_clustered_medium,0.3365992128846207,0.3365992128846207,0.10714285714285714,0.10714285714285714,19,0.43529306907338094,0
V4,04_1d_clustered_medium,0.3365992128846207,0.3365992128846207,0.10714285714285714,0.10714285714285714,20,0.4921370253352422,0
V4,04_1d_clustered_medium,0.3365992128846207,0.3365992128846207,0.10714285714285714,0.10714285714285714,21,0.5296791968225945,0
V4,04_1d_clustered_medium,0.3365992128846207,0.3365992128846207,0.10714285714285714,0.10714285714285714,22,0.5310172709935131,0
V4,04_1d_clustered_medium,0.3365992128846207,0.3365992128846207,0.10714285714285714,0.10714285714285714,23,0.5092844296241847,0
V4,04_1d_clustered_medium,0.3365992128846207,0.3365992128846207,0.10714285714285714,0.10714285714285714,24,0.48196409185844424,0
V4,04_1d_clustered_medium,0.3365992128846207,0.3365992128846207,0.10714285714285714,0.10714285714285714,25,0.47286169614930557,0
V4,04_1d_clustered_medium,0.3365992128846207,0.3365992128846207,0.10714285714285714,0.10714285714285714,26,0.5101563730852958,0
V4,04_1d_clustered_medium,0.3365992128846207,0.3365992128846207,0.10714285714285714,0.10714285714285714,27,0.5956724887354305,0
V4,04_1d_clustered_medium,0.3365992128846207,0.3365992128846207,0.10714285714285714,0.10714285714285714,28,0.69101335895477,0
V4,04_1d_clustered_medium,0.3365992128846207,0.3365992128846207,0.10714285714285714,0.10714285714285714,29,0.7378141960482361,0
V4,04_1d_clustered_medium,0.3365992128846207,0.3365992128846207,0.10714285714285714,0.10714285714285714,30,0.6929420018462931,0
V4,04_1d_clustered_medium,0.3365992128846207,0.3365992128846207,0.10714285714285714,0.10714285714285714,31,0.5693784150063851,0
V4,04_1d_clustered_medium,0.3365992128846207,0.3365992128846207,0.10714285714285714,0.10714285714285714,32,0.4418986545493707,0
V4,04_1d_clustered_medium,0.3365992128846207,0.3365992128846207,0.10714285714285714,0.10714285714285714,33,0.3885123447053985,0
V4,04_1d_clustered_medium,0.3365992128846207,0.3365992128846207,0.10714285714285714,0.10714285714285714,34,0.434071224733222,0
V4,04_1d_clustered_medium,0.3365992128846207,0.3365992128846207,0.10714285714285714,0.10714285714285714,35,0.5510654020666809,0
V4,04_1d_clustered_medium,0.3365992128846207,0.3365992128846207,0.10714285714285714,0.10714285714285714,36,0.6772811023507961,0
V4,04_1d_clustered_medium,0.3365992128846207,0.3365992128846207,0.10714285714285714,0.10714285714285714,37,0.7338020642583816,0
V4,04_1d_clustered_medium,0.3365992128846207,0.3365992128846207,0.10714285714285714,0.10714285714285714,38,0.6741899756729228,0
V4,04_1d_clustered_medium,0.3365992128846207,0.3365992128846207,0.10714285714285714,0.10714285714285714,39,0.5273680189513916,0
V4,04_1d_clustered_medium,0.3365992128846207,0.3365992128846207,0.10714285714285714,0.10714285714285714,40,0.3727854301166994,0
V4,04_1d_clustered_medium,0.3365992128846207,0.3365992128846207,0.10714285714285714,0.10714285714285714,41,0.27722850651619113,0
V4,04_1d_clustered_medium,0.3365992128846207,0.3365992128846207,0.10714285714285714,0.10714285714285714,42,0.2627810977357017,0
V4,04_1d_clustered_medium,0.3365992128846207,0.3365992128846207,0.10714285714285714,0.10714285714285714,43,0.3241460245396434,0
V4,04_1d_clustered_medium,0.3365992128846207,0.3365992128846207,0.10714285714285714,0.10714285714285714,44,0.4570628782060091,0
V4,04_1d_clustered_medium,0.3365992128846207,0.3365992128846207,0.10714285714285714,0.10714285714285714,45,0.6446649141291105,0
V4,04_1d_clustered_medium,0.3365992128846207,0.3365992128846207,0.10714285714285714,0.10714285714285714,46,0.8158063331224725,0
V4,04_1d_clustered_medium,0.3365992128846207,0.3365992128846207,0.10714285714285714,0.10714285714285714,47,0.865485362683791,1
V4,04_1d_clustered_medium,0.3365992128846207,0.3365992128846207,0.10714285714285714,0.10714285714285714,48,0.7520499158643342,0
V4,04_1d_clustered_medium,0.3365992128846207,0.3365992128846207,0.10714285714285714,0.10714285714285714,49,0.5513566331024929,0
V4,04_1d_clustered_medium,0.3365992128846207,0.3365992128846207,0.10714285714285714,0.10714285714285714,50,0.39011183330507604,0
V4,04_1d_clustered_medium,0.3365992128846207,0.3365992128846207,0.10714285714285714,0.10714285714285714,51,0.3388767805685907,0
V4,04_1d_clustered_medium,0.3365992128846207,0.3365992128846207,0.10714285714285714,0.10714285714285714,52,0.38384752852989584,0
V4,04_1d_clustered_medium,0.3365992128846207,0.3365992128846207,0.10714285714285714,0.10714285714285714,53,0.48164340075298445,0
V4,04_1d_clustered_medium,0.3365992128846207,0.3365992128846207,0.10714285714285714,0.10714285714285714,54,0.5975665829025034,0
V4,04_1d_clustered_medium,0.3365992128846207,0.3365992128846207,0.10714285714285714,0.10714285714285714,55,0.6843506707808936,0
V4,04_1d_clustered_medium,0.3365992128846207,0.3365992128846207,0.10714285714285714,0.10714285714285714,56,0.6865623931851074,0
V4,04_1d_clustered_medium,0.3365992128846207,0.3365992128846207,0.10714285714285714,0.10714285714285714,57,0.6053806582715918,0
V4,04_1d_clustered_medium,0.3365992128846207,0.3365992128846207,0.10714285714285714,0.10714285714285714,58,0.5080484034476244,0
V4,04_1d_clustered_medium,0.3365992128846207,0.3365992128846207,0.10714285714285714,0.10714285714285714,59,0.44551390614070174,0
V4,04_1d_clustered_medium,0.3365992128846207,0.3365992128846207,0.10714285714285714,0.10714285714285714,60,0.41610470539059913,0
V4,05_1d_long_clustered_blocks,0.05609986881410345,0.12622470483173276,0.017857142857142856,0.04017857142857143,1,0.38212276648452664,0
V4,05_1d_long_clustered_blocks,0.05609986881410345,0.12622470483173276,0.017857142857142856,0.04017857142857143,2,0.38767247953355405,0
V4,05_1d_long_clustered_blocks,0.05609986881410345,0.12622470483173276,0.017857142857142856,0.04017857142857143,3,0.39586370195159687,0
V4,05_1d_long_clustered_blocks,0.05609986881410345,0.12622470483173276,0.017857142857142856,0.04017857142857143,4,0.40663533836188037,0
V4,05_1d_long_clustered_blocks,0.05609986881410345,0.12622470483173276,0.017857142857142856,0.04017857142857143,5,0.42001260234809384,0
V4,05_1d_long_clustered_blocks,0.05609986881410345,0.12622470483173276,0.017857142857142856,0.04017857142857143,6,0.4361381531815961,0
V4,05_1d_long_clustered_blocks,0.05609986881410345,0.12622470483173276,0.017857142857142856,0.04017857142857143,7,0.45526976817691417,0
V4,05_1d_long_clustered_blocks,0.05609986881410345,0.12622470483173276,0.017857142857142856,0.04017857142857143,8,0.477738328028552,0
V4,05_1d_long_clustered_blocks,0.05609986881410345,0.12622470483173276,0.017857142857142856,0.04017857142857143,9,0.5038683767539729,0
V4,05_1d_long_clustered_blocks,0.05609986881410345,0.12622470483173276,0.017857142857142856,0.04017857142857143,10,0.5338723620561066,0
V4,05_1d_long_clustered_blocks,0.05609986881410345,0.12622470483173276,0.017857142857142856,0.04017857142857143,11,0.5677372777820718,0
V4,05_1d_long_clustered_blocks,0.05609986881410345,0.12622470483173276,0.017857142857142856,0.04017857142857143,12,0.6051271396388092,0
V4,05_1d_long_clustered_blocks,0.05609986881410345,0.12622470483173276,0.017857142857142856,0.04017857142857143,13,0.6453250435296926,0
V4,05_1d_long_clustered_blocks,0.05609986881410345,0.12622470483173276,0.017857142857142856,0.04017857142857143,14,0.6872336107389775,0
V4,05_1d_long_clustered_blocks,0.05609986881410345,0.12622470483173276,0.017857142857142856,0.04017857142857143,15,0.7294425967524032,0
V4,05_1d_long_clustered_blocks,0.05609986881410345,0.12622470483173276,0.017857142857142856,0.04017857142857143,16,0.7703588418416989,0
V4,05_1d_long_clustered_blocks,0.05609986881410345,0.12622470483173276,0.017857142857142856,0.04017857142857143,17,0.8083793464504352,0
V4,05_1d_long_clustered_blocks,0.05609986881410345,0.12622470483173276,0.017857142857142856,0.04017857142857143,18,0.8420765997823739,0
V4,05_1d_long_clustered_blocks,0.05609986881410345,0.12622470483173276,0.017857142857142856,0.04017857142857143,19,0.8703597953198796,0
V4,05_1d_long_clustered_blocks,0.05609986881410345,0.12622470483173276,0.017857142857142856,0.04017857142857143,20,0.8925784941110301,0
V4,05_1d_long_clustered_blocks,0.05609986881410345,0.12622470483173276,0.017857142857142856,0.04017857142857143,21,0.9085468724424399,0
V4,05_1d_long_clustered_blocks,0.05609986881410345,0.12622470483173276,0.017857142857142856,0.04017857142857143,22,0.9184847206125425,0
V4,05_1d_long_clustered_blocks,0.05609986881410345,0.12622470483173276,0.017857142857142856,0.04017857142857143,23,0.9228915450637039,1
V4,05_1d_long_clustered_blocks,0.05609986881410345,0.12622470483173276,0.017857142857142856,0.04017857142857143,24,0.9223870859902193,0
V4,05_1d_long_clustered_blocks,0.05609986881410345,0.12622470483173276,0.017857142857142856,0.04017857142857143,25,0.9175603245692752,0
V4,05_1d_long_clustered_blocks,0.05609986881410345,0.12622470483173276,0.017857142857142856,0.04017857142857143,26,0.9088665914454862,0
V4,05_1d_long_clustered_blocks,0.05609986881410345,0.12622470483173276,0.017857142857142856,0.04017857142857143,27,0.896598713668864,0
V4,05_1d_long_clustered_blocks,0.05609986881410345,0.12622470483173276,0.017857142857142856,0.04017857142857143,28,0.8809365605680367,0
V4,05_1d_long_clustered_blocks,0.05609986881410345,0.12622470483173276,0.017857142857142856,0.04017857142857143,29,0.8620557387190527,0
V4,05_1d_long_clustered_blocks,0.05609986881410345,0.12622470483173276,0.017857142857142856,0.04017857142857143,30,0.8402573849816852,0
V4,05_1d_long_clustered_blocks,0.05609986881410345,0.12622470483173276,0.017857142857142856,0.04017857142857143,31,0.8160728316348839,0
V4,05_1d_long_clustered_blocks,0.05609986881410345,0.12622470483173276,0.017857142857142856,0.04017857142857143,32,0.7903023423887446,0
V4,05_1d_long_clustered_blocks,0.05609986881410345,0.12622470483173276,0.017857142857142856,0.04017857142857143,33,0.7639652139384916,0
V4,05_1d_long_clustered_blocks,0.05609986881410345,0.12622470483173276,0.017857142857142856,0.04017857142857143,34,0.7381645484426284,0
V4,05_1d_long_clustered_blocks,0.05609986881410345,0.12622470483173276,0.017857142857142856,0.04017857142857143,35,0.7138965871367065,0
V4,05_1d_long_clustered_blocks,0.05609986881410345,0.12622470483173276,0.017857142857142856,0.04017857142857143,36,0.6918538136750266,0
V4,05_1d_long_clustered_blocks,0.05609986881410345,0.12622470483173276,0.017857142857142856,0.04017857142857143,37,0.6722770681939745,0
V4,05_1d_long_clustered_blocks,0.05609986881410345,0.12622470483173276,0.017857142857142856,0.04017857142857143,38,0.6549023165261049,0
V4,05_1d_long_clustered_blocks,0.05609986881410345,0.12622470483173276,0.017857142857142856,0.04017857142857143,39,0.6390246361536471,0
V4,05_1d_long_clustered_blocks,0.05609986881410345,0.12622470483173276,0.017857142857142856,0.04017857142857143,40,0.6236715279860546,0
V4,05_1d_long_clustered_blocks,0.05609986881410345,0.12622470483173276,0.017857142857142856,0.04017857142857143,41,0.6078482243812874,0
V4,05_1d_long_clustered_blocks,0.05609986881410345,0.12622470483173276,0.017857142857142856,0.04017857142857143,42,0.5907974819609132,0
V4,05_1d_long_clustered_blocks,0.05609986881410345,0.12622470483173276,0.017857142857142856,0.04017857142857143,43,0.5722111335093905,0
V4,05_1d_long_clustered_blocks,0.05609986881410345,0.12622470483173276,0.017857142857142856,0.04017857142857143,44,0.5523419475427696,0
V4,05_1d_long_clustered_blocks,0.05609986881410345,0.12622470483173276,0.017857142857142856,0.04017857142857143,45,0.5319890117304057,0
V4,05_1d_long_clustered_blocks,0.05609986881410345,0.12622470483173276,0.017857142857142856,0.04017857142857143,46,0.5123611335880347,0
V4,05_1d_long_clustered_blocks,0.05609986881410345,0.12622470483173276,0.017857142857142856,0.04017857142857143,47,0.4948521592550242,0
V4,05_1d_long_clustered_blocks,0.05609986881410345,0.12622470483173276,0.017857142857142856,0.04017857142857143,48,0.48078192148449106,0
V4,05_1d_long_clustered_blocks,0.05609986881410345,0.12622470483173276,0.017857142857142856,0.04017857142857143,49,0.471161931618669,0
V4,05_1d_long_clustered_blocks,0.05609986881410345,0.12622470483173276,0.017857142857142856,0.04017857142857143,50,0.4665352809584066,0
V4,05_1d_long_clustered_blocks,0.05609986881410345,0.12622470483173276,0.017857142857142856,0.04017857142857143,51,0.466919015802091,0
V4,05_1d_long_clustered_blocks,0.05609986881410345,0.12622470483173276,0.017857142857142856,0.04017857142857143,52,0.4718509219814102,0
V4,05_1d_long_clustered_blocks,0.05609986881410345,0.12622470483173276,0.017857142857142856,0.04017857142857143,53,0.4805185330112529,0
V4,05_1d_long_clustered_blocks,0.05609986881410345,0.12622470483173276,0.017857142857142856,0.04017857142857143,54,0.4919323458552953,0
V4,05_1d_long_clustered_blocks,0.05609986881410345,0.12622470483173276,0.017857142857142856,0.04017857142857143,55,0.505100881428845,0
V4,05_1d_long_clustered_blocks,0.05609986881410345,0.12622470483173276,0.017857142857142856,0.04017857142857143,56,0.519172001059894,0
V4,05_1d_long_clustered_blocks,0.05609986881410345,0.12622470483173276,0.017857142857142856,0.04017857142857143,57,0.5335193297013853,0
V4,05_1d_long_clustered_blocks,0.05609986881410345,0.12622470483173276,0.017857142857142856,0.04017857142857143,58,0.5477695539072889,0
V4,05_1d_long_clustered_blocks,0.05609986881410345,0.12622470483173276,0.017857142857142856,0.04017857142857143,59,0.5617806063083751,0
V4,05_1d_long_clustered_blocks,0.05609986881410345,0.12622470483173276,0.017857142857142856,0.04017857142857143,60,0.5755887894925446,0
V4,06_2d_tiny_corner_block,0.8414980322115517,0.3365992128846207,0.26785714285714285,0.10714285714285714,1,0.460734505486824,0
V4,06_2d_tiny_corner_block,0.8414980322115517,0.3365992128846207,0.26785714285714285,0.10714285714285714,2,0.687527695646893,0
V4,06_2d_tiny_corner_block,0.8414980322115517,0.3365992128846207,0.26785714285714285,0.10714285714285714,3,0.8206205071334809,0
V4,06_2d_tiny_corner_block,0.8414980322115517,0.3365992128846207,0.26785714285714285,0.10714285714285714,4,0.8785587006600963,0
V4,06_2d_tiny_corner_block,0.8414980322115517,0.3365992128846207,0.26785714285714285,0.10714285714285714,5,0.8177028797650198,0
V4,06_2d_tiny_corner_block,0.8414980322115517,0.3365992128846207,0.26785714285714285,0.10714285714285714,6,0.5830511830411409,0
V4,06_2d_tiny_corner_block,0.8414980322115517,0.3365992128846207,0.26785714285714285,0.10714285714285714,7,0.3149967505283808,0
V4,06_2d_tiny_corner_block,0.8414980322115517,0.3365992128846207,0.26785714285714285,0.10714285714285714,8,0.2313756237460699,0
V4,06_2d_tiny_corner_block,0.8414980322115517,0.3365992128846207,0.26785714285714285,0.10714285714285714,9,0.34487757432952065,0
V4,06_2d_tiny_corner_block,0.8414980322115517,0.3365992128846207,0.26785714285714285,0.10714285714285714,10,0.5223629304920522,0
V4,06_2d_tiny_corner_block,0.8414980322115517,0.3365992128846207,0.26785714285714285,0.10714285714285714,11,0.7149989293493455,0
V4,06_2d_tiny_corner_block,0.8414980322115517,0.3365992128846207,0.26785714285714285,0.10714285714285714,12,0.896651313271855,0
V4,06_2d_tiny_corner_block,0.8414980322115517,0.3365992128846207,0.26785714285714285,0.10714285714285714,13,0.9234953425894097,0
V4,06_2d_tiny_corner_block,0.8414980322115517,0.3365992128846207,0.26785714285714285,0.10714285714285714,14,0.7121530030896818,0
V4,06_2d_tiny_corner_block,0.8414980322115517,0.3365992128846207,0.26785714285714285,0.10714285714285714,15,0.4266096881396536,0
V4,06_2d_tiny_corner_block,0.8414980322115517,0.3365992128846207,0.26785714285714285,0.10714285714285714,16,0.2756729322455759,0
V4,06_2d_tiny_corner_block,0.8414980322115517,0.3365992128846207,0.26785714285714285,0.10714285714285714,17,0.27565240023505416,0
V4,06_2d_tiny_corner_block,0.8414980322115517,0.3365992128846207,0.26785714285714285,0.10714285714285714,18,0.3737527312100504,0
V4,06_2d_tiny_corner_block,0.8414980322115517,0.3365992128846207,0.26785714285714285,0.10714285714285714,19,0.5883897882685978,0
V4,06_2d_tiny_corner_block,0.8414980322115517,0.3365992128846207,0.26785714285714285,0.10714285714285714,20,0.8539560479815601,0
V4,06_2d_tiny_corner_block,0.8414980322115517,0.3365992128846207,0.26785714285714285,0.10714285714285714,21,0.958200471643366,1
V4,06_2d_tiny_corner_block,0.8414980322115517,0.3365992128846207,0.26785714285714285,0.10714285714285714,22,0.8096442716368252,0
V4,06_2d_tiny_corner_block,0.8414980322115517,0.3365992128846207,0.26785714285714285,0.10714285714285714,23,0.5646758767506245,0
V4,06_2d_tiny_corner_block,0.8414980322115517,0.3365992128846207,0.26785714285714285,0.10714285714285714,24,0.3799265045550092,0
V4,06_2d_tiny_corner_block,0.8414980322115517,0.3365992128846207,0.26785714285714285,0.10714285714285714,25,0.2690179030389217,0
V4,06_2d_tiny_corner_block,0.8414980322115517,0.3365992128846207,0.26785714285714285,0.10714285714285714,26,0.2679736972441571,0
V4,06_2d_tiny_corner_block,0.8414980322115517,0.3365992128846207,0.26785714285714285,0.10714285714285714,27,0.4593159413369877,0
V4,06_2d_tiny_corner_block,0.8414980322115517,0.3365992128846207,0.26785714285714285,0.10714285714285714,28,0.7535679238853704,0
V4,06_2d_tiny_corner_block,0.8414980322115517,0.3365992128846207,0.26785714285714285,0.10714285714285714,29,0.9146665981764501,0
V4,06_2d_tiny_corner_block,0.8414980322115517,0.3365992128846207,0.26785714285714285,0.10714285714285714,30,0.8613130999820577,0
V4,06_2d_tiny_corner_block,0.8414980322115517,0.3365992128846207,0.26785714285714285,0.10714285714285714,31,0.7087597422986047,0
V4,06_2d_tiny_corner_block,0.8414980322115517,0.3365992128846207,0.26785714285714285,0.10714285714285714,32,0.5273810269716119,0
V4,06_2d_tiny_corner_block,0.8414980322115517,0.3365992128846207,0.26785714285714285,0.10714285714285714,33,0.32449992944643613,0
V4,06_2d_tiny_corner_block,0.8414980322115517,0.3365992128846207,0.26785714285714285,0.10714285714285714,34,0.2198290346430152,0
V4,06_2d_tiny_corner_block,0.8414980322115517,0.3365992128846207,0.26785714285714285,0.10714285714285714,35,0.34717872058530325,0
V4,06_2d_tiny_corner_block,0.8414980322115517,0.3365992128846207,0.26785714285714285,0.10714285714285714,36,0.6134783403732489,0
V4,06_2d_tiny_corner_block,0.8414980322115517,0.3365992128846207,0.26785714285714285,0.10714285714285714,37,0.8050595665258481,0
V4,06_2d_tiny_corner_block,0.8414980322115517,0.3365992128846207,0.26785714285714285,0.10714285714285714,38,0.8631594189205138,0
V4,06_2d_tiny_corner_block,0.8414980322115517,0.3365992128846207,0.26785714285714285,0.10714285714285714,39,0.8347249837155623,0
V4,06_2d_tiny_corner_block,0.8414980322115517,0.3365992128846207,0.26785714285714285,0.10714285714285714,40,0.6884547543810313,0
V4,06_2d_tiny_corner_block,0.8414980322115517,0.3365992128846207,0.26785714285714285,0.10714285714285714,41,0.4265837811491265,0
V4,06_2d_tiny_corner_block,0.8414980322115517,0.3365992128846207,0.26785714285714285,0.10714285714285714,42,0.2336977270080622,0
V4,06_2d_tiny_corner_block,0.8414980322115517,0.3365992128846207,0.26785714285714285,0.10714285714285714,43,0.27214069576244765,0
V4,06_2d_tiny_corner_block,0.8414980322115517,0.3365992128846207,0.26785714285714285,0.10714285714285714,44,0.46374755859428046,0
V4,06_2d_tiny_corner_block,0.8414980322115517,0.3365992128846207,0.26785714285714285,0.10714285714285714,45,0.6556948531172777,0
V4,06_2d_tiny_corner_block,0.8414980322115517,0.3365992128846207,0.26785714285714285,0.10714285714285714,46,0.8180222039452266,0
V4,06_2d_tiny_corner_block,0.8414980322115517,0.3365992128846207,0.26785714285714285,0.10714285714285714,47,0.9170416502387674,0
V4,06_2d_tiny_corner_block,0.8414980322115517,0.3365992128846207,0.26785714285714285,0.10714285714285714,48,0.8276064646867674,0
V4,06_2d_tiny_corner_block,0.8414980322115517,0.3365992128846207,0.26785714285714285,0.10714285714285714,49,0.551454171380969,0
V4,06_2d_tiny_corner_block,0.8414980322115517,0.3365992128846207,0.26785714285714285,0.10714285714285714,50,0.30621726498235247,0
V4,06_2d_tiny_corner_block,0.8414980322115517,0.3365992128846207,0.26785714285714285,0.10714285714285714,51,0.2519243005836997,0
V4,06_2d_tiny_corner_block,0.8414980322115517,0.3365992128846207,0.26785714285714285,0.10714285714285714,52,0.3380434987908501,0
V4,06_2d_tiny_corner_block,0.8414980322115517,0.3365992128846207,0.26785714285714285,0.10714285714285714,53,0.4979636664681727,0
V4,06_2d_tiny_corner_block,0.8414980322115517,0.3365992128846207,0.26785714285714285,0.10714285714285714,54,0.7327456674664761,0
V4,06_2d_tiny_corner_block,0.8414980322115517,0.3365992128846207,0.26785714285714285,0.10714285714285714,55,0.9348632179297196,0
V4,06_2d_tiny_corner_block,0.8414980322115517,0.3365992128846207,0.26785714285714285,0.10714285714285714,56,0.9138658886256362,0
V4,06_2d_tiny_corner_block,0.8414980322115517,0.3365992128846207,0.26785714285714285,0.10714285714285714,57,0.6749827549577686,0
V4,06_2d_tiny_corner_block,0.8414980322115517,0.3365992128846207,0.26785714285714285,0.10714285714285714,58,0.4274992652874716,0
V4,06_2d_tiny_corner_block,0.8414980322115517,0.3365992128846207,0.26785714285714285,0.10714285714285714,59,0.29571147482619276,0
V4,06_2d_tiny_corner_block,0.8414980322115517,0.3365992128846207,0.26785714285714285,0.10714285714285714,60,0.26322135522150664,0
V4,07_2d_small_diagonal_block,0.39269908169872414,0.16829960644231035,0.125,0.05357142857142857,1,0.13447872569329694,0
V4,07_2d_small_diagonal_block,0.39269908169872414,0.16829960644231035,0.125,0.05357142857142857,2,0.17667634697173662,0
V4,07_2d_small_diagonal_block,0.39269908169872414,0.16829960644231035,0.125,0.05357142857142857,3,0.23327319598747234,0
V4,07_2d_small_diagonal_block,0.39269908169872414,0.16829960644231035,0.125,0.05357142857142857,4,0.29112601664615295,0
V4,07_2d_small_diagonal_block,0.39269908169872414,0.16829960644231035,0.125,0.05357142857142857,5,0.3370401377781615,0
V4,07_2d_small_diagonal_block,0.39269908169872414,0.16829960644231035,0.125,0.05357142857142857,6,0.3695849654495411,0
V4,07_2d_small_diagonal_block,0.39269908169872414,0.16829960644231035,0.125,0.05357142857142857,7,0.40000921241273896,0
V4,07_2d_small_diagonal_block,0.39269908169872414,0.16829960644231035,0.125,0.05357142857142857,8,0.439813848150091,0
V4,07_2d_small_diagonal_block,0.39269908169872414,0.16829960644231035,0.125,0.05357142857142857,9,0.4881479024120423,0
V4,07_2d_small_diagonal_block,0.39269908169872414,0.16829960644231035,0.125,0.05357142857142857,10,0.5329740671711772,0
V4,07_2d_small_diagonal_block,0.39269908169872414,0.16829960644231035,0.125,0.05357142857142857,11,0.5643840310117345,0
V4,07_2d_small_diagonal_block,0.39269908169872414,0.16829960644231035,0.125,0.05357142857142857,12,0.5846434003597937,0
V4,07_2d_small_diagonal_block,0.39269908169872414,0.16829960644231035,0.125,0.05357142857142857,13,0.6038192775730309,0
V4,07_2d_small_diagonal_block,0.39269908169872414,0.16829960644231035,0.125,0.05357142857142857,14,0.6270640944695992,0
V4,07_2d_small_diagonal_block,0.39269908169872414,0.16829960644231035,0.125,0.05357142857142857,15,0.6492079835218802,0
V4,07_2d_small_diagonal_block,0.39269908169872414,0.16829960644231035,0.125,0.05357142857142857,16,0.662844754494835,0
V4,07_2d_small_diagonal_block,0.39269908169872414,0.16829960644231035,0.125,0.05357142857142857,17,0.6691369211473336,0
V4,07_2d_small_diagonal_block,0.39269908169872414,0.16829960644231035,0.125,0.05357142857142857,18,0.6768193085991547,0
V4,07_2d_small_diagonal_block,0.39269908169872414,0.16829960644231035,0.125,0.05357142857142857,19,0.6892401084974795,0
V4,07_2d_small_diagonal_block,0.39269908169872414,0.16829960644231035,0.125,0.05357142857142857,20,0.6946833009042845,0
V4,07_2d_small_diagonal_block,0.39269908169872414,0.16829960644231035,0.125,0.05357142857142857,21,0.6729001840619099,0
V4,07_2d_small_diagonal_block,0.39269908169872414,0.16829960644231035,0.125,0.05357142857142857,22,0.6127911476508756,0
V4,07_2d_small_diagonal_block,0.39269908169872414,0.16829960644231035,0.125,0.05357142857142857,23,0.5232378345939913,0
V4,07_2d_small_diagonal_block,0.39269908169872414,0.16829960644231035,0.125,0.05357142857142857,24,0.42621288996640655,0
V4,07_2d_small_diagonal_block,0.39269908169872414,0.16829960644231035,0.125,0.05357142857142857,25,0.34020802133467504,0
V4,07_2d_small_diagonal_block,0.39269908169872414,0.16829960644231035,0.125,0.05357142857142857,26,0.2710896133478922,0
V4,07_2d_small_diagonal_block,0.39269908169872414,0.16829960644231035,0.125,0.05357142857142857,27,0.21717388239343516,0
V4,07_2d_small_diagonal_block,0.39269908169872414,0.16829960644231035,0.125,0.05357142857142857,28,0.1787965594130516,0
V4,07_2d_small_diagonal_block,0.39269908169872414,0.16829960644231035,0.125,0.05357142857142857,29,0.15945741347296666,0
V4,07_2d_small_diagonal_block,0.39269908169872414,0.16829960644231035,0.125,0.05357142857142857,30,0.15832182795091077,0
V4,07_2d_small_diagonal_block,0.39269908169872414,0.16829960644231035,0.125,0.05357142857142857,31,0.16581655917087984,0
V4,07_2d_small_diagonal_block,0.39269908169872414,0.16829960644231035,0.125,0.05357142857142857,32,0.170285479597294,0
V4,07_2d_small_diagonal_block,0.39269908169872414,0.16829960644231035,0.125,0.05357142857142857,33,0.16914484600232932,0
V4,07_2d_small_diagonal_block,0.39269908169872414,0.16829960644231035,0.125,0.05357142857142857,34,0.17116317724687322,0
V4,07_2d_small_diagonal_block,0.39269908169872414,0.16829960644231035,0.125,0.05357142857142857,35,0.18636341899250575,0
V4,07_2d_small_diagonal_block,0.39269908169872414,0.16829960644231035,0.125,0.05357142857142857,36,0.21485439298671233,0
V4,07_2d_small_diagonal_block,0.39269908169872414,0.16829960644231035,0.125,0.05357142857142857,37,0.2474693589022123,0
V4,07_2d_small_diagonal_block,0.39269908169872414,0.16829960644231035,0.125,0.05357142857142857,38,0.27716857061407346,0
V4,07_2d_small_diagonal_block,0.39269908169872414,0.16829960644231035,0.125,0.05357142857142857,39,0.3074225118482811,0
V4,07_2d_small_diagonal_block,0.39269908169872414,0.16829960644231035,0.125,0.05357142857142857,40,0.34765423458758327,0
V4,07_2d_small_diagonal_block,0.39269908169872414,0.16829960644231035,0.125,0.05357142857142857,41,0.40160214505508224,0
V4,07_2d_small_diagonal_block,0.39269908169872414,0.16829960644231035,0.125,0.05357142857142857,42,0.4629370434072187,0
V4,07_2d_small_diagonal_block,0.39269908169872414,0.16829960644231035,0.125,0.05357142857142857,43,0.5232447721490566,0
V4,07_2d_small_diagonal_block,0.39269908169872414,0.16829960644231035,0.125,0.05357142857142857,44,0.5818494430467186,0
V4,07_2d_small_diagonal_block,0.39269908169872414,0.16829960644231035,0.125,0.05357142857142857,45,0.6442816960439566,0
V4,07_2d_small_diagonal_block,0.39269908169872414,0.16829960644231035,0.125,0.05357142857142857,46,0.710253175638159,0
V4,07_2d_small_diagonal_block,0.39269908169872414,0.16829960644231035,0.125,0.05357142857142857,47,0.7659066962751306,0
V4,07_2d_small_diagonal_block,0.39269908169872414,0.16829960644231035,0.125,0.05357142857142857,48,0.7915126357485505,1
V4,07_2d_small_diagonal_block,0.39269908169872414,0.16829960644231035,0.125,0.05357142857142857,49,0.7780794790021429,0
V4,07_2d_small_diagonal_block,0.39269908169872414,0.16829960644231035,0.125,0.05357142857142857,50,0.7352336868266545,0
V4,07_2d_small_diagonal_block,0.39269908169872414,0.16829960644231035,0.125,0.05357142857142857,51,0.6817149464245613,0
V4,07_2d_small_diagonal_block,0.39269908169872414,0.16829960644231035,0.125,0.05357142857142857,52,0.6289245300471775,0
V4,07_2d_small_diagonal_block,0.39269908169872414,0.16829960644231035,0.125,0.05357142857142857,53,0.5751465600408004,0
V4,07_2d_small_diagonal_block,0.39269908169872414,0.16829960644231035,0.125,0.05357142857142857,54,0.515191677585266,0
V4,07_2d_small_diagonal_block,0.39269908169872414,0.16829960644231035,0.125,0.05357142857142857,55,0.4525376303958564,0
V4,07_2d_small_diagonal_block,0.39269908169872414,0.16829960644231035,0.125,0.05357142857142857,56,0.39909012023241824,0
V4,07_2d_small_diagonal_block,0.39269908169872414,0.16829960644231035,0.125,0.05357142857142857,57,0.3631347228853526,0
V4,07_2d_small_diagonal_block,0.39269908169872414,0.16829960644231035,0.125,0.05357142857142857,58,0.34017708335648256,0
V4,07_2d_small_diagonal_block,0.39269908169872414,0.16829960644231035,0.125,0.05357142857142857,59,0.3176091435627778,0
V4,07_2d_small_diagonal_block,0.39269908169872414,0.16829960644231035,0.125,0.05357142857142857,60,0.2875798403300679,0
V4,08_2d_medium_clustered_obstacles,0.5890486225480862,0.40672404890225,0.1875,0.12946428571428573,1,0.7590892750496046,0
V4,08_2d_medium_clustered_obstacles,0.5890486225480862,0.40672404890225,0.1875,0.12946428571428573,2,0.7430097520957814,0
V4,08_2d_medium_clustered_obstacles,0.5890486225480862,0.40672404890225,0.1875,0.12946428571428573,3,0.5023726836334315,0
V4,08_2d_medium_clustered_obstacles,0.5890486225480862,0.40672404890225,0.1875,0.12946428571428573,4,0.6309681035519609,0
V4,08_2d_medium_clustered_obstacles,0.5890486225480862,0.40672404890225,0.1875,0.12946428571428573,5,0.8041641021951135,0
V4,08_2d_medium_clustered_obstacles,0.5890486225480862,0.40672404890225,0.1875,0.12946428571428573,6,0.7940994854856201,0
V4,08_2d_medium_clustered_obstacles,0.5890486225480862,0.40672404890225,0.1875,0.12946428571428573,7,0.6887760256317159,0
V4,08_2d_medium_clustered_obstacles,0.5890486225480862,0.40672404890225,0.1875,0.12946428571428573,8,0.603176205416401,0
V4,08_2d_medium_clustered_obstacles,0.5890486225480862,0.40672404890225,0.1875,0.12946428571428573,9,0.7770327681773812,0
V4,08_2d_medium_clustered_obstacles,0.5890486225480862,0.40672404890225,0.1875,0.12946428571428573,10,0.8195013228074223,0
V4,08_2d_medium_clustered_obstacles,0.5890486225480862,0.40672404890225,0.1875,0.12946428571428573,11,0.5159083485722709,0
V4,08_2d_medium_clustered_obstacles,0.5890486225480862,0.40672404890225,0.1875,0.12946428571428573,12,0.603468822892803,0
V4,08_2d_medium_clustered_obstacles,0.5890486225480862,0.40672404890225,0.1875,0.12946428571428573,13,0.7598679945845881,0
V4,08_2d_medium_clustered_obstacles,0.5890486225480862,0.40672404890225,0.1875,0.12946428571428573,14,0.849962824402742,0
V4,08_2d_medium_clustered_obstacles,0.5890486225480862,0.40672404890225,0.1875,0.12946428571428573,15,0.793371489181445,0
V4,08_2d_medium_clustered_obstacles,0.5890486225480862,0.40672404890225,0.1875,0.12946428571428573,16,0.7637146651721944,0
V4,08_2d_medium_clustered_obstacles,0.5890486225480862,0.40672404890225,0.1875,0.12946428571428573,17,0.728899500073031,0
V4,08_2d_medium_clustered_obstacles,0.5890486225480862,0.40672404890225,0.1875,0.12946428571428573,18,0.6514370356198341,0
V4,08_2d_medium_clustered_obstacles,0.5890486225480862,0.40672404890225,0.1875,0.12946428571428573,19,0.5757276573351781,0
V4,08_2d_medium_clustered_obstacles,0.5890486225480862,0.40672404890225,0.1875,0.12946428571428573,20,0.6728904141175708,0
V4,08_2d_medium_clustered_obstacles,0.5890486225480862,0.40672404890225,0.1875,0.12946428571428573,21,0.7772527666275832,0
V4,08_2d_medium_clustered_obstacles,0.5890486225480862,0.40672404890225,0.1875,0.12946428571428573,22,0.9831014871305613,1
V4,08_2d_medium_clustered_obstacles,0.5890486225480862,0.40672404890225,0.1875,0.12946428571428573,23,0.767588997652171,0
V4,08_2d_medium_clustered_obstacles,0.5890486225480862,0.40672404890225,0.1875,0.12946428571428573,24,0.7563897441676528,0
V4,08_2d_medium_clustered_obstacles,0.5890486225480862,0.40672404890225,0.1875,0.12946428571428573,25,0.7730417516123459,0
V4,08_2d_medium_clustered_obstacles,0.5890486225480862,0.40672404890225,0.1875,0.12946428571428573,26,0.6825611068462074,0
V4,08_2d_medium_clustered_obstacles,0.5890486225480862,0.40672404890225,0.1875,0.12946428571428573,27,0.6221412621881259,0
V4,08_2d_medium_clustered_obstacles,0.5890486225480862,0.40672404890225,0.1875,0.12946428571428573,28,0.7294621154917897,0
V4,08_2d_medium_clustered_obstacles,0.5890486225480862,0.40672404890225,0.1875,0.12946428571428573,29,0.7566876714728906,0
V4,08_2d_medium_clustered_obstacles,0.5890486225480862,0.40672404890225,0.1875,0.12946428571428573,30,0.8859372403582302,0
V4,08_2d_medium_clustered_obstacles,0.5890486225480862,0.40672404890225,0.1875,0.12946428571428573,31,0.8222957215537723,0
V4,08_2d_medium_clustered_obstacles,0.5890486225480862,0.40672404890225,0.1875,0.12946428571428573,32,0.8072499599325966,0
V4,08_2d_medium_clustered_obstacles,0.5890486225480862,0.40672404890225,0.1875,0.12946428571428573,33,0.5615443114503773,0
V4,08_2d_medium_clustered_obstacles,0.5890486225480862,0.40672404890225,0.1875,0.12946428571428573,34,0.6313171423748445,0
V4,08_2d_medium_clustered_obstacles,0.5890486225480862,0.40672404890225,0.1875,0.12946428571428573,35,0.7470179125757577,0
V4,08_2d_medium_clustered_obstacles,0.5890486225480862,0.40672404890225,0.1875,0.12946428571428573,36,0.776476495876684,0
V4,08_2d_medium_clustered_obstacles,0.5890486225480862,0.40672404890225,0.1875,0.12946428571428573,37,0.7666742263440681,0
V4,08_2d_medium_clustered_obstacles,0.5890486225480862,0.40672404890225,0.1875,0.12946428571428573,38,0.7612348603909174,0
V4,08_2d_medium_clustered_obstacles,0.5890486225480862,0.40672404890225,0.1875,0.12946428571428573,39,0.7847974487795795,0
V4,08_2d_medium_clustered_obstacles,0.5890486225480862,0.40672404890225,0.1875,0.12946428571428573,40,0.9183015036239969,0
V4,08_2d_medium_clustered_obstacles,0.5890486225480862,0.40672404890225,0.1875,0.12946428571428573,41,0.6239747174530436,0
V4,08_2d_medium_clustered_obstacles,0.5890486225480862,0.40672404890225,0.1875,0.12946428571428573,42,0.5917272089794343,0
V4,08_2d_medium_clustered_obstacles,0.5890486225480862,0.40672404890225,0.1875,0.12946428571428573,43,0.7566886512883582,0
V4,08_2d_medium_clustered_obstacles,0.5890486225480862,0.40672404890225,0.1875,0.12946428571428573,44,0.7801414822533899,0
V4,08_2d_medium_clustered_obstacles,0.5890486225480862,0.40672404890225,0.1875,0.12946428571428573,45,0.6996806433689426,0
V4,08_2d_medium_clustered_obstacles,0.5890486225480862,0.40672404890225,0.1875,0.12946428571428573,46,0.7312378582507688,0
V4,08_2d_medium_clustered_obstacles,0.5890486225480862,0.40672404890225,0.1875,0.12946428571428573,47,0.8550841069634043,0
V4,08_2d_medium_clustered_obstacles,0.5890486225480862,0.40672404890225,0.1875,0.12946428571428573,48,0.8267665894453476,0
V4,08_2d_medium_clustered_obstacles,0.5890486225480862,0.40672404890225,0.1875,0.12946428571428573,49,0.6499331999655186,0
V4,08_2d_medium_clustered_obstacles,0.5890486225480862,0.40672404890225,0.1875,0.12946428571428573,50,0.642935580790749,0
V4,08_2d_medium_clustered_obstacles,0.5890486225480862,0.40672404890225,0.1875,0.12946428571428573,51,0.7211073838614268,0
V4,08_2d_medium_clustered_obstacles,0.5890486225480862,0.40672404890225,0.1875,0.12946428571428573,52,0.860745843700421,0
V4,08_2d_medium_clustered_obstacles,0.5890486225480862,0.40672404890225,0.1875,0.12946428571428573,53,0.7390854752929621,0
V4,08_2d_medium_clustered_obstacles,0.5890486225480862,0.40672404890225,0.1875,0.12946428571428573,54,0.5753507682599706,0
V4,08_2d_medium_clustered_obstacles,0.5890486225480862,0.40672404890225,0.1875,0.12946428571428573,55,0.7951409887273054,0
V4,08_2d_medium_clustered_obstacles,0.5890486225480862,0.40672404890225,0.1875,0.12946428571428573,56,0.7539130144933794,0
V4,08_2d_medium_clustered_obstacles,0.5890486225480862,0.40672404890225,0.1875,0.12946428571428573,57,0.5532093604596054,0
V4,08_2d_medium_clustered_obstacles,0.5890486225480862,0.40672404890225,0.1875,0.12946428571428573,58,0.5466111518234299,0
V4,08_2d_medium_clustered_obstacles,0.5890486225480862,0.40672404890225,0.1875,0.12946428571428573,59,0.7352283935068894,0
V4,08_2d_medium_clustered_obstacles,0.5890486225480862,0.40672404890225,0.1875,0.12946428571428573,60,0.8939761022675712,0
V4,09_2d_rectangular_window,0.8695479666186035,0.7853981633974483,0.2767857142857143,0.25,1,0.5234645073436668,0
V4,09_2d_rectangular_window,0.8695479666186035,0.7853981633974483,0.2767857142857143,0.25,2,0.6570708138841812,0
V4,09_2d_rectangular_window,0.8695479666186035,0.7853981633974483,0.2767857142857143,0.25,3,0.6241776913841194,0
V4,09_2d_rectangular_window,0.8695479666186035,0.7853981633974483,0.2767857142857143,0.25,4,0.6786637636255072,0
V4,09_2d_rectangular_window,0.8695479666186035,0.7853981633974483,0.2767857142857143,0.25,5,0.8800379073373913,0
V4,09_2d_rectangular_window,0.8695479666186035,0.7853981633974483,0.2767857142857143,0.25,6,0.7544842308671313,0
V4,09_2d_rectangular_window,0.8695479666186035,0.7853981633974483,0.2767857142857143,0.25,7,0.705243765436963,0
V4,09_2d_rectangular_window,0.8695479666186035,0.7853981633974483,0.2767857142857143,0.25,8,0.6485154481443165,0
V4,09_2d_rectangular_window,0.8695479666186035,0.7853981633974483,0.2767857142857143,0.25,9,0.5140129483116138,0
V4,09_2d_rectangular_window,0.8695479666186035,0.7853981633974483,0.2767857142857143,0.25,10,0.3416198288887973,0
V4,09_2d_rectangular_window,0.8695479666186035,0.7853981633974483,0.2767857142857143,0.25,11,0.4010563503083766,0
V4,09_2d_rectangular_window,0.8695479666186035,0.7853981633974483,0.2767857142857143,0.25,12,0.5794014821161835,0
V4,09_2d_rectangular_window,0.8695479666186035,0.7853981633974483,0.2767857142857143,0.25,13,0.6578488394834889,0
V4,09_2d_rectangular_window,0.8695479666186035,0.7853981633974483,0.2767857142857143,0.25,14,0.6098283350455064,0
V4,09_2d_rectangular_window,0.8695479666186035,0.7853981633974483,0.2767857142857143,0.25,15,0.45224802575875983,0
V4,09_2d_rectangular_window,0.8695479666186035,0.7853981633974483,0.2767857142857143,0.25,16,0.3720303665803525,0
V4,09_2d_rectangular_window,0.8695479666186035,0.7853981633974483,0.2767857142857143,0.25,17,0.5401979836229722,0
V4,09_2d_rectangular_window,0.8695479666186035,0.7853981633974483,0.2767857142857143,0.25,18,0.7383545425908776,0
V4,09_2d_rectangular_window,0.8695479666186035,0.7853981633974483,0.2767857142857143,0.25,19,0.7158500738639904,0
V4,09_2d_rectangular_window,0.8695479666186035,0.7853981633974483,0.2767857142857143,0.25,20,0.7475537979639882,0
V4,09_2d_rectangular_window,0.8695479666186035,0.7853981633974483,0.2767857142857143,0.25,21,0.726912569692154,0
V4,09_2d_rectangular_window,0.8695479666186035,0.7853981633974483,0.2767857142857143,0.25,22,0.6659891975357425,0
V4,09_2d_rectangular_window,0.8695479666186035,0.7853981633974483,0.2767857142857143,0.25,23,0.4401654786152256,0
V4,09_2d_rectangular_window,0.8695479666186035,0.7853981633974483,0.2767857142857143,0.25,24,0.35092902607813864,0
V4,09_2d_rectangular_window,0.8695479666186035,0.7853981633974483,0.2767857142857143,0.25,25,0.49202675187851014,0
V4,09_2d_rectangular_window,0.8695479666186035,0.7853981633974483,0.2767857142857143,0.25,26,0.6001086541306534,0
V4,09_2d_rectangular_window,0.8695479666186035,0.7853981633974483,0.2767857142857143,0.25,27,0.6832585686165693,0
V4,09_2d_rectangular_window,0.8695479666186035,0.7853981633974483,0.2767857142857143,0.25,28,0.6875833973151944,0
V4,09_2d_rectangular_window,0.8695479666186035,0.7853981633974483,0.2767857142857143,0.25,29,0.5415990529951973,0
V4,09_2d_rectangular_window,0.8695479666186035,0.7853981633974483,0.2767857142857143,0.25,30,0.47271468577734943,0
V4,09_2d_rectangular_window,0.8695479666186035,0.7853981633974483,0.2767857142857143,0.25,31,0.5899796873026683,0
V4,09_2d_rectangular_window,0.8695479666186035,0.7853981633974483,0.2767857142857143,0.25,32,0.5195449503263907,0
V4,09_2d_rectangular_window,0.8695479666186035,0.7853981633974483,0.2767857142857143,0.25,33,0.5204002328550148,0
V4,09_2d_rectangular_window,0.8695479666186035,0.7853981633974483,0.2767857142857143,0.25,34,0.5232447273136671,0
V4,09_2d_rectangular_window,0.8695479666186035,0.7853981633974483,0.2767857142857143,0.25,35,0.6468139785022151,0
V4,09_2d_rectangular_window,0.8695479666186035,0.7853981633974483,0.2767857142857143,0.25,36,0.7515853103423504,0
V4,09_2d_rectangular_window,0.8695479666186035,0.7853981633974483,0.2767857142857143,0.25,37,0.7740340510424096,0
V4,09_2d_rectangular_window,0.8695479666186035,0.7853981633974483,0.2767857142857143,0.25,38,0.6424087628117432,0
V4,09_2d_rectangular_window,0.8695479666186035,0.7853981633974483,0.2767857142857143,0.25,39,0.45325393586766166,0
V4,09_2d_rectangular_window,0.8695479666186035,0.7853981633974483,0.2767857142857143,0.25,40,0.36151094459507693,0
V4,09_2d_rectangular_window,0.8695479666186035,0.7853981633974483,0.2767857142857143,0.25,41,0.6666183070759157,0
V4,09_2d_rectangular_window,0.8695479666186035,0.7853981633974483,0.2767857142857143,0.25,42,0.933228597037052,1
V4,09_2d_rectangular_window,0.8695479666186035,0.7853981633974483,0.2767857142857143,0.25,43,0.7076884491360934,0
V4,09_2d_rectangular_window,0.8695479666186035,0.7853981633974483,0.2767857142857143,0.25,44,0.6189909008439785,0
V4,09_2d_rectangular_window,0.8695479666186035,0.7853981633974483,0.2767857142857143,0.25,45,0.45600546841478307,0
V4,09_2d_rectangular_window,0.8695479666186035,0.7853981633974483,0.2767857142857143,0.25,46,0.41709099488362883,0
V4,09_2d_rectangular_window,0.8695479666186035,0.7853981633974483,0.2767857142857143,0.25,47,0.41043799425370353,0
V4,09_2d_rectangular_window,0.8695479666186035,0.7853981633974483,0.2767857142857143,0.25,48,0.4135264273249745,0
V4,09_2d_rectangular_window,0.8695479666186035,0.7853981633974483,0.2767857142857143,0.25,49,0.5942591819567199,0
V4,09_2d_rectangular_window,0.8695479666186035,0.7853981633974483,0.2767857142857143,0.25,50,0.6326315159930801,0
V4,09_2d_rectangular_window,0.8695479666186035,0.7853981633974483,0.2767857142857143,0.25,51,0.6974588027651407,0
V4,09_2d_rectangular_window,0.8695479666186035,0.7853981633974483,0.2767857142857143,0.25,52,0.6526713928429091,0
V4,09_2d_rectangular_window,0.8695479666186035,0.7853981633974483,0.2767857142857143,0.25,53,0.4620826149218803,0
V4,09_2d_rectangular_window,0.8695479666186035,0.7853981633974483,0.2767857142857143,0.25,54,0.46443849464214426,0
V4,09_2d_rectangular_window,0.8695479666186035,0.7853981633974483,0.2767857142857143,0.25,55,0.49662659061119396,0
V4,09_2d_rectangular_window,0.8695479666186035,0.7853981633974483,0.2767857142857143,0.25,56,0.5832295490033834,0
V4,09_2d_rectangular_window,0.8695479666186035,0.7853981633974483,0.2767857142857143,0.25,57,0.7497973152522894,0
V4,09_2d_rectangular_window,0.8695479666186035,0.7853981633974483,0.2767857142857143,0.25,58,0.7250472775522859,0
V4,09_2d_rectangular_window,0.8695479666186035,0.7853981633974483,0.2767857142857143,0.25,59,0.7821347898135457,0
V4,09_2d_rectangular_window,0.8695479666186035,0.7853981633974483,0.2767857142857143,0.25,60,0.6979971002328647,0
V4,10_3d_small_clustered_obstacles,0.14024967203525862,0.08414980322115517,0.044642857142857144,0.026785714285714284,1,0.6903714060015936,0
V4,10_3d_small_clustered_obstacles,0.14024967203525862,0.08414980322115517,0.044642857142857144,0.026785714285714284,2,0.735139842511715,0
V4,10_3d_small_clustered_obstacles,0.14024967203525862,0.08414980322115517,0.044642857142857144,0.026785714285714284,3,0.7953258152604604,0
V4,10_3d_small_clustered_obstacles,0.14024967203525862,0.08414980322115517,0.044642857142857144,0.026785714285714284,4,0.8615438125264787,0
V4,10_3d_small_clustered_obstacles,0.14024967203525862,0.08414980322115517,0.044642857142857144,0.026785714285714284,5,0.921265390380486,0
V4,10_3d_small_clustered_obstacles,0.14024967203525862,0.08414980322115517,0.044642857142857144,0.026785714285714284,6,0.9612113707069059,0
V4,10_3d_small_clustered_obstacles,0.14024967203525862,0.08414980322115517,0.044642857142857144,0.026785714285714284,7,0.9711268821608928,1
V4,10_3d_small_clustered_obstacles,0.14024967203525862,0.08414980322115517,0.044642857142857144,0.026785714285714284,8,0.9475356460003098,0
V4,10_3d_small_clustered_obstacles,0.14024967203525862,0.08414980322115517,0.044642857142857144,0.026785714285714284,9,0.8957264814314551,0
V4,10_3d_small_clustered_obstacles,0.14024967203525862,0.08414980322115517,0.044642857142857144,0.026785714285714284,10,0.8288007635376746,0
V4,10_3d_small_clustered_obstacles,0.14024967203525862,0.08414980322115517,0.044642857142857144,0.026785714285714284,11,0.7638678728069985,0
V4,10_3d_small_clustered_obstacles,0.14024967203525862,0.08414980322115517,0.044642857142857144,0.026785714285714284,12,0.7167858530162877,0
V4,10_3d_small_clustered_obstacles,0.14024967203525862,0.08414980322115517,0.044642857142857144,0.026785714285714284,13,0.6975227051006576,0
V4,10_3d_small_clustered_obstacles,0.14024967203525862,0.08414980322115517,0.044642857142857144,0.026785714285714284,14,0.7079001198905179,0
V4,10_3d_small_clustered_obstacles,0.14024967203525862,0.08414980322115517,0.044642857142857144,0.026785714285714284,15,0.742341022483056,0
V4,10_3d_small_clustered_obstacles,0.14024967203525862,0.08414980322115517,0.044642857142857144,0.026785714285714284,16,0.790875523345457,0
V4,10_3d_small_clustered_obstacles,0.14024967203525862,0.08414980322115517,0.044642857142857144,0.026785714285714284,17,0.842772126259831,0
V4,10_3d_small_clustered_obstacles,0.14024967203525862,0.08414980322115517,0.044642857142857144,0.026785714285714284,18,0.8891765355053176,0
V4,10_3d_small_clustered_obstacles,0.14024967203525862,0.08414980322115517,0.044642857142857144,0.026785714285714284,19,0.9239770827467453,0
V4,10_3d_small_clustered_obstacles,0.14024967203525862,0.08414980322115517,0.044642857142857144,0.026785714285714284,20,0.943246306391193,0
V4,10_3d_small_clustered_obstacles,0.14024967203525862,0.08414980322115517,0.044642857142857144,0.026785714285714284,21,0.944369585867744,0
V4,10_3d_small_clustered_obstacles,0.14024967203525862,0.08414980322115517,0.044642857142857144,0.026785714285714284,22,0.9259457113553546,0
V4,10_3d_small_clustered_obstacles,0.14024967203525862,0.08414980322115517,0.044642857142857144,0.026785714285714284,23,0.888791298011592,0
V4,10_3d_small_clustered_obstacles,0.14024967203525862,0.08414980322115517,0.044642857142857144,0.026785714285714284,24,0.8373954469918797,0
V4,10_3d_small_clustered_obstacles,0.14024967203525862,0.08414980322115517,0.044642857142857144,0.026785714285714284,25,0.7805857486203973,0
V4,10_3d_small_clustered_obstacles,0.14024967203525862,0.08414980322115517,0.044642857142857144,0.026785714285714284,26,0.7303776354982647,0
V4,10_3d_small_clustered_obstacles,0.14024967203525862,0.08414980322115517,0.044642857142857144,0.026785714285714284,27,0.6989079757341885,0
V4,10_3d_small_clustered_obstacles,0.14024967203525862,0.08414980322115517,0.044642857142857144,0.026785714285714284,28,0.694485843524705,0
V4,10_3d_small_clustered_obstacles,0.14024967203525862,0.08414980322115517,0.044642857142857144,0.026785714285714284,29,0.7184697796136715,0
V4,10_3d_small_clustered_obstacles,0.14024967203525862,0.08414980322115517,0.044642857142857144,0.026785714285714284,30,0.7644788058756489,0
V4,10_3d_small_clustered_obstacles,0.14024967203525862,0.08414980322115517,0.044642857142857144,0.026785714285714284,31,0.8204266788475189,0
V4,10_3d_small_clustered_obstacles,0.14024967203525862,0.08414980322115517,0.044642857142857144,0.026785714285714284,32,0.8725577780426306,0
V4,10_3d_small_clustered_obstacles,0.14024967203525862,0.08414980322115517,0.044642857142857144,0.026785714285714284,33,0.9097527002981625,0
V4,10_3d_small_clustered_obstacles,0.14024967203525862,0.08414980322115517,0.044642857142857144,0.026785714285714284,34,0.9263403138964199,0
V4,10_3d_small_clustered_obstacles,0.14024967203525862,0.08414980322115517,0.044642857142857144,0.026785714285714284,35,0.9224965439730184,0
V4,10_3d_small_clustered_obstacles,0.14024967203525862,0.08414980322115517,0.044642857142857144,0.026785714285714284,36,0.9025479586584182,0
V4,10_3d_small_clustered_obstacles,0.14024967203525862,0.08414980322115517,0.044642857142857144,0.026785714285714284,37,0.8724482184148062,0
V4,10_3d_small_clustered_obstacles,0.14024967203525862,0.08414980322115517,0.044642857142857144,0.026785714285714284,38,0.837860406729278,0
V4,10_3d_small_clustered_obstacles,0.14024967203525862,0.08414980322115517,0.044642857142857144,0.026785714285714284,39,0.8036228678016833,0
V4,10_3d_small_clustered_obstacles,0.14024967203525862,0.08414980322115517,0.044642857142857144,0.026785714285714284,40,0.7743369154940843,0
V4,10_3d_small_clustered_obstacles,0.14024967203525862,0.08414980322115517,0.044642857142857144,0.026785714285714284,41,0.7550382453971579,0
V4,10_3d_small_clustered_obstacles,0.14024967203525862,0.08414980322115517,0.044642857142857144,0.026785714285714284,42,0.7508754003422708,0
V4,10_3d_small_clustered_obstacles,0.14024967203525862,0.08414980322115517,0.044642857142857144,0.026785714285714284,43,0.7654420270192772,0
V4,10_3d_small_clustered_obstacles,0.14024967203525862,0.08414980322115517,0.044642857142857144,0.026785714285714284,44,0.7984510885089842,0
V4,10_3d_small_clustered_obstacles,0.14024967203525862,0.08414980322115517,0.044642857142857144,0.026785714285714284,45,0.8441459367223393,0
V4,10_3d_small_clustered_obstacles,0.14024967203525862,0.08414980322115517,0.044642857142857144,0.026785714285714284,46,0.8917388963890766,0
V4,10_3d_small_clustered_obstacles,0.14024967203525862,0.08414980322115517,0.044642857142857144,0.026785714285714284,47,0.9282418959211362,0
V4,10_3d_small_clustered_obstacles,0.14024967203525862,0.08414980322115517,0.044642857142857144,0.026785714285714284,48,0.942783471816414,0
V4,10_3d_small_clustered_obstacles,0.14024967203525862,0.08414980322115517,0.044642857142857144,0.026785714285714284,49,0.9305980775108739,0
V4,10_3d_small_clustered_obstacles,0.14024967203525862,0.08414980322115517,0.044642857142857144,0.026785714285714284,50,0.8948622194588743,0
V4,10_3d_small_clustered_obstacles,0.14024967203525862,0.08414980322115517,0.044642857142857144,0.026785714285714284,51,0.8454914979819842,0
V4,10_3d_small_clustered_obstacles,0.14024967203525862,0.08414980322115517,0.044642857142857144,0.026785714285714284,52,0.7954327609270292,0
V4,10_3d_small_clustered_obstacles,0.14024967203525862,0.08414980322115517,0.044642857142857144,0.026785714285714284,53,0.7561439557025341,0
V4,10_3d_small_clustered_obstacles,0.14024967203525862,0.08414980322115517,0.044642857142857144,0.026785714285714284,54,0.7342448788916744,0
V4,10_3d_small_clustered_obstacles,0.14024967203525862,0.08414980322115517,0.044642857142857144,0.026785714285714284,55,0.7306099470487548,0
V4,10_3d_small_clustered_obstacles,0.14024967203525862,0.08414980322115517,0.044642857142857144,0.026785714285714284,56,0.7418678276232475,0
V4,10_3d_small_clustered_obstacles,0.14024967203525862,0.08414980322115517,0.044642857142857144,0.026785714285714284,57,0.7630929976651819,0
V4,10_3d_small_clustered_obstacles,0.14024967203525862,0.08414980322115517,0.044642857142857144,0.026785714285714284,58,0.7900499652366718,0
V4,10_3d_small_clustered_obstacles,0.14024967203525862,0.08414980322115517,0.044642857142857144,0.026785714285714284,59,0.8198705679686236,0
V4,10_3d_small_clustered_obstacles,0.14024967203525862,0.08414980322115517,0.044642857142857144,0.026785714285714284,60,0.8501600987839327,0
